Type,Description,Brand
Blazer,Charcoal grey,central
Blazer,Black Formal fitting,Vero moda
Blazer,Black Formal,zara
Bodysuit,Black Low neck Bodysuit,H&M
Bodysuit,Black plain,H&M
Bodysuit,Navy blue,KOOVS
Bodysuit,Red velvet,H&M
Cloth bag,white and orange,H&M
Cloth bag,yellow Nd blue,crossword
Cloth bag,yellow Nd blue,crossword
Cloth bag,yellow Nd blue,crossword
Denims,Black high waist 3 button,bandra
Denims,Black basic one button,bandra
Denims,Blue basic no buttons,bandra
Denims,Blue shadded animal print,Westside
Denims,Black faded with aplice,Lifestyle
Denims,Grey shiny,Westside
Denims,purple denim.,Westside
Denims,white with blue and yellow tie dye,Westside
Denims,Black highwaist 4 buttoned,Marina
Dress,Black lace,AND
Dress,Black leather,AND
Dress,black plain dress lace,Annabelle
Dress,black plain lace,Candies
Dress,blue sequinned,colaba
Dress,black and white tiger stripes,H&M
Dress,Black with white dragon tshirt dress,H&M
Dress,Blue and white thick dress,Latin Quarters
Dress,Black plain with net details on torso,Limeroad
Dress,Black and Beige tshirt sweater dress,NEXT
Dress,Floral Aqua dress,bandra
Dress,Gold dress,Primadiva
Dress,green with black collar,AND
Dress,Green with white embroidery,bandra
Dress,Grey soft sweater dress,H&M
Dress,Leopard print,bandra
Dress,Leopard print silk,stitched
Dress,Maroon thick short dress,109F
Dress,off white with colored blocks and sequined collar,stitched
Dress,Off white with lace top (Confo),stitched
Dress,red Chinese collar,stitched
Dress,Silver and black dress,Candies
Dress,white sequinned roses,brandfactory
Dress,White with gold lace,stitched
Dress,Grey plain cowl neck,AND
Dress,Black Velvet T-shirt style,Conan
Dress,Silver Velvet,Conan
Indian,Chania Choli,Indian
Indian,Red Saree,Indian
Indian,Skin color churidar,Indian
Jacket,Blue denim,dubai
Jacket,sleeveless with fleece inside,manali
Jacket,3 in 1 jacket,Decathlon
Jacket,Black courdroy with fur collar,KOOVS
Night Wear,Dark green checks,dubai
Night Wear,Pink marie shorts,colaba
Night Wear,White unicorn,bandra
Night Wear,Yellow and light green animal print,dubai
Pajama,Pink Rabbit and Gold Crowns,Bandra
Pajama,Unicorn Designed,Bandra
Pants,Beige cargo,bandra
Pants,Black plain with leather side strip,bandra
Pants,Brown,Central
Pants,Brown cotton trouser,cottonWorld
Pants,Black,MAX
Pants,Black Formal with elastic on top,zara
Pants,Olive green,MAX
Pants,Maroon chino,LOFT
Pants,Olive Green Chino,LOFT
Pants,Black Chino,LOFT
Pants,Grey Chino,LOFT
Pants,Black Jeans,LOFT
Pants,Blue basic High waist jeans,bandra
Pants,Beige trouser,bandra
Pants,Pink trouser,Worthington
Pants,Grey Basic,Worthington
Pants,Black and white plaid,Cube
Rain Pant Overall,,Decathlon
Rainwear,Raincoat,Decathlon
Rainwear,Raincoat,Decathlon
Shirts,Black with white embroidery,109F
Shirts,Beige and black,bandra
Shirts,Blue and white stripes,bandra
Shirts,Blue plain button down,bandra
Shirts,Cream and Brown snke print,bandra
Shirts,Black and cream stripes,Bash
Shirts,Black plain stripe textured,Best look
Shirts,Blue designed silky,dubai
Shirts,Black and white with gold cross stiched front,indi
Shirts,Grey shirt,Best look
Shirts,Lemon yellow with embroidery on the neck,bandra
Shirts,Purple plain button down,bandra
Shirts,red and black tie dye,Irla
Shirts,Red and white leavess,H&M
Shirts,Red checks,colaba
Shirts,white polka dots,Colaba
Skirt,Black long skirt with side slits,bandra
Skirt,Black mid length with one leg slit,bandra
Skirt,Black mini,bandra
Skirt,Black glittery unequal skirt,dubai
Skirt,black A-line,H&M
Skirt,Red crinkled,dubai
Skirt,Purple crinkled,dubai
Skirt,Basic Black,Calvin Klein
Sweater,black front button basic,bandra
Sweater,Grey front button basic,bandra
Sweater,Beige with wavy lines half sleeves,dubai
Sweater,Big pink fluffy,H&M
Sweater,Blue with white letters,H&M
Sweater,Grey floral,H&M
Sweater,grey front button basic,bandra
Sweater,Grey hoodie,colaba
Sweater,peach with pink 3D flowers,H&M
Sweater,pink hoodie,bandra
Sweater,pink short,colaba
Sweater,Baby pink cupcake,Conan
Sweater,Pink Plain decath,Decathlon
Sweater,Black Fleece,Decathlon
Sweater,Black Dabbing Panda,Club Factory
Tee,Blue polo,bandra
Tee,Endurance tee,bandra
Tee,Red polo,bandra
Tee,Red with orange shaded tee,Code
Tee,White polo,bandra
Tee,Black decathlon plain,Decathlon
Tee,Black decathlon plain,Decathlon
Tee,White decathlon plain,Decathlon
Tee,White decathlon plain,Decathlon
Tee,White decathlon plain,Decathlon
Tee,White decathlon plain,Decathlon
Tee,Peach v neck printed,bandra
Tee,Olive camo print,bandra
Tee,Blue and yellow patterned print,bandra
Tee,Dark Cyan flare waist,bandra
Tee,Dark Cyan flare waist,Dubai
Tee,Blue Red black lycra cowl neck,Bandra
Tee,Black and white zebra print,Bandra
Tee,Brown Full sleeve printed,Bandra
Tee,White with studed insects,Bandra
Tights,Black plain,bandra
Tights,Cyan plain,bandra
Tights,Grey & Cyan striped,bandra
Tights,Black and Blue striped,Sinimo
Tops,Black with pink side details,adidas
Tops,Black with white flowers,bandra
Tops,Dark blue with pink birds,bandra
Tops,Blck with silver shimmer,bandra
Tops,Beige with brown rabbit,dubai
Tops,black full sequined chiffon halter,dubai
Tops,Black halter self striped,dubai
Tops,Black knit with black sequins details,dubai
Tops,Black sequin spaghetti,dubai
Tops,Black sparkly half sleeve,dubai
Tops,Black with center slit,dubai
Tops,black with red flower and rim details,dubai
Tops,Blue and white unequal 2 piece knit,dubai
Tops,Brown Bunny Heirloom,dubai
Tops,Baby blue knit with pearl details,dubai
Tops,black velvet with mesh covered cold shoulder,Globus
Tops,Black with lace neck details,H&M
Tops,Black sequined top,Irla
Tops,Beige with black leaves pattern,Westside
Tops,Golden glitter,dubai
Tops,green knit with sequins,dubai
Tops,grey animal print with studded bow,bandra
Tops,Grey soft as hell,ONLY
Tops,Maroon turtle neck,dubai
Tops,mint and black animal print crop top,bandra
Tops,Mustard Cold shoulder,wardrobe
Tops,Olive green with long sleeves and wing like pattern,cottonWorld
Tops,peach full lace full sleeve,bandra
Tops,pink striped unequal,central
Tops,Puple and blue glitter,bandra
Tops,Purple knit,dubai
Tops,Red knit,dubai
Tops,Red with white polka dots,dubai
Tops,silver knit with sequins,bandra
Tops,white grey veined,Rowena
Tops,white soft with pink and blue leaf design,Irla
Tops,White with black boat neck and black details,dubai
Tops,white with lace back,brandfactory
Tops,Yellow floral,central
Tops,Black Batman,crossword
Tops,White with pink sequinned roses,Dubai
Tops,White with colooured beaded sleeves,H&M
Tops,White plain with scolloped V neck,H&M
Tops,Red suit top,Dubai
Tops,Black suit Top,Elle
Tops,Pink suit Top,Dubai
Tops,Black galaxy top,Candies
Tops,Yellow with white work,Dubai
